County,Location,Address,Latitude,Longitude
Allegany,Allegany County Office Complex,"701 Kelly Road, Cumberland, MD 21502",39.643471,-78.780197
Allegany,Mountain Ridge High School,"100 Dr. Nancy S. Grasmick Lane, Frostburg, MD 21532",39.650429,-78.913373
Anne Arundel,Annapolis Senior Activity Center,"119 South Villa Avenue, Annapolis, MD 21401",38.97473,-76.512023
Anne Arundel,Anne Arundel County Board of Elections,"6740 Baymeadow Drive, Glen Burnie, MD 21060",39.186644,-76.595575
Anne Arundel,Anne Arundel County Government - Heritage Office Complex,"2660-2666 Riva Road, Annapolis, MD 21401",38.974811,-76.561359
Anne Arundel,Anne Arundel County Police Headquarters,"8495 Verterans Highway, Millersville, MD 21108",39.099371,-76.625533
Anne Arundel,Arundel Center North - Glen Burnie Town Center,"101 Crain Highway North, Glen Burnie, MD 21061",39.165069,-76.624521
Anne Arundel,Bowie Elks Lodge 2309,"1506 Defense Highway, Gambrills, MD 21054",38.992759,-76.682872
Anne Arundel,Broadneck Library,"1275 Green Holly Drive, Annapolis, MD 21409",39.036613,-76.454294
Anne Arundel,Brooklyn Park Senior Activity Center,"202 Hammonds Lane, Brooklyn Park, MD 21225",39.215789,-76.620654
Anne Arundel,Busch Annapolis Library,"1410 West Street, Annapolis, MD 41401",38.978777,-76.515179
Anne Arundel,Crofton Library,"1681 Riedel Road, Crofton, MD 21114",39.013543,-76.679427
Anne Arundel,Deale Library,"5940 Deale-Churchton Road, Deale, MD 20751",38.783642,-76.553188
Anne Arundel,Earleigh Heights Volunteer Fire Company #12,"161 Ritchie Highway, Severna Park, MD 21146",39.099031,-76.564329
Anne Arundel,Glen Burnie Library,"1010 Eastway, Glen Burnie, MD 21060",39.153403,-76.613101
Anne Arundel,Harmans/Dorsey Fire Station #21,"1367 Dorsey Road, Hanover, MD 21076",39.158301,-76.712724
Anne Arundel,Jacobsville Fire Station #10,"3700 Mountain Road, Pasadena, MD 21122",39.124548,-76.524812
Anne Arundel,Jones Station Fire Station #23,"960 Ritchie Highway, Severna Park, MD 21146",39.056436,-76.527549
Anne Arundel,Lake Shore Fire Station #20,"4642 Mountain Road, Pasadena, MD 21122",39.106384,-76.477842
Anne Arundel,Linthicum Library,"400 Shipley Road, Linthicum, MD 21090",39.201784,-76.657924
Anne Arundel,Marley Volunteer Fire Company #18,"7726 Baltmore Annapolis Boulevard, Glen Burnie, MD 21060",39.152469,-76.59655
Anne Arundel,Maryland City at Russett Library,"3501 Russett Common, Laurel, MD 20724",39.101985,-76.803928
Anne Arundel,North Arundel Aquatic Center,"7888 South Crain Highway, Glen Burnie, MD 21061",39.137898,-76.63614
Anne Arundel,O'Malley Senior Activity Center,"1275 Odenton Road, Odenton, MD 21113",39.081204,-76.695936
Anne Arundel,Odenton Library,"1325 Annapolis Road, Odenton, MD 21113",39.08724,-76.7002
Anne Arundel,Pascal Senior Actitivty Center,"125 Dorsey Road, Glen Burnie, MD 21060",39.16781,-76.635656
Anne Arundel,Riviera Beach Library,"1130 Duvall Highway, Pasadena, MD 21122",39.145206,-76.525437
Anne Arundel,Roger “Pip” Moyer Recreation Center,"273 Hilltop Lane, Annapolis, MD 21403",38.962989,-76.504717
Anne Arundel,Severn Fire Station #4,"7870 Telegraph Road, Severn, MD 21144",39.13467,-76.687863
Anne Arundel,Severn Library,"2624 Annapolis Road, Severn, MD 21144",39.131026,-76.737103
Anne Arundel,Severn Senior Activity Center,"1160 Reece Road, Severn, MD 21144",39.121689,-76.710156
Anne Arundel,Severna Park Library,"45 West McKinsey Road, Severna Park, MD 21146",39.072807,-76.544807
Anne Arundel,South County Recreation Center,"4510 Owensville Sudley Road, Harwood, MD 20776",38.858286,-76.606179
Anne Arundel,South County Senior Activity Center,"27 Stepneys Lane, Edgewater, MD 21037",38.930536,-76.558883
Baltimore City,Academy for College and Career Exploration,"1300 West 36th Street, Baltimore, MD 21211",39.33056,-76.637823
Baltimore City,Achievement Academy at Harbor City,"2201 Pinewood Avenue, Baltimore, MD 21214",39.366111,-76.570383
Baltimore City,Baltimore City Community College -  Liberty Heights,"2901 Liberty Heights Avenue, Baltimore, MD 21215",39.320849,-76.662688
Baltimore City,Baltimore Museum of Art,"10 Museum Drive, Baltimore, MD 21218",39.328456,-76.599139
Baltimore City,Barclay Elementary School (No. 54),"2900 Barclay Street, Baltimore, MD 21218",39.323696,-76.611371
Baltimore City,Benjamin Franklin High School (No. 239),"1201 Cambria Street, Baltimore, MD 21225",39.232829,-76.593615
Baltimore City,Board of Elections Office,"417 East Fayette Street, Baltimore, MD, 21202",39.290405,-76.609129
Baltimore City,Board of Elections Warehouse,"301 N. Franklintown Road, Baltimore, MD 21223",39.29216,-76.661514
Baltimore City,Carver Vocational Technical High School (No. 454),"2201 Presstman Street, Baltimore, MD 21216",39.304807,-76.652367
Baltimore City,Dickey Hill Elementary/Middle School (No. 201),"5025 Dickey Hill Road, Baltimore, MD 21207",39.311477,-76.703623
Baltimore City,Digital Harbor High School (No. 416),"1100 Covington Street, Baltimore, MD 21230",39.275508,-76.607077
Baltimore City,Enoch Pratt Free Library Herring Run Branch,"3801 Erdman Avenue, Baltimore, MD 21213",39.315483,-76.569178
Baltimore City,Farring-Baybrook Recreation Center,"4501 Ferring Court, Baltimore, MD 21225",39.225191,-76.597575
Baltimore City,Forest Park High School,"3701 Eldorado Avenue, Baltimore, MD 21207",39.33252,-76.6892
Baltimore City,Frederick Douglass High School,"2301 Gwynn Falls Parkway, Baltimore, MD 21217",39.314814,-76.654799
Baltimore City,Hamilton Elementary Middle School (No. 236),"6101 Old Harford Road, Baltimore, MD 21214",39.359823,-76.557452
Baltimore City,Hampden Elementary/Middle School (No. 55),"3608 Chestnut Avenue, Baltimore, MD 21211",39.332104,-76.629897
Baltimore City,Holabird Academy,"1500 Imla Street, Baltimore, MD 21224",39.275908,-76.538636
Baltimore City,James McHenry Rec Center,"911 Hollins Street, Baltimore, MD 21223",39.287684,-76.632344
Baltimore City,League for People with Disabilities,"1111 East Cold Spring Lane, Baltimore, MD 21239",39.344605,-76.598417
Baltimore City,Leith Walk Elementary Middle School,"5915 Glennor Road, Baltimore, MD 21239",39.364234,-76.592411
Baltimore City,Morgan State University - Tyler Hall,"1700 East Cold Spring Lane, Baltimore, MD, 21251",39.344795,-76.582036
Baltimore City,Mount Pleasant Church & Ministries,"6000 Radecke Avenue, Baltimore, MD 21206",39.332472,-76.529688
Baltimore City,Northwestern High School,"6900 Park Heights Avenue, Baltimore, MD 21215",39.364379,-76.704245
Baltimore City,Patterson High School (No. 405),"100 Kane Street, Baltimore, MD 21224",39.292602,-76.536417
Baltimore City,Paul Lawrence Dunbar High School (No. 414),"1400 Orleans Street, Baltimore, MD 21231",39.295308,-76.598734
Baltimore City,Pimlico Elementary School,"4849 Pimlico Road, Baltimore, MD 21215",39.347697,-76.667813
Baltimore City,Public Safety Training Center,"3500 W. Northern Parkway, Baltimore, MD 21215",39.353311,-76.683549
Baltimore City,Reach! Partnership,"2555 Harford Road, Baltimore, MD 21218",39.317553,-76.593597
Baltimore City,Renaissance Academy,"1301 McCulloh Street, Baltimore, MD 21217",39.302897,-76.627866
Baltimore City,Southeast Anchor Library,"3601 Eastern Avenue, Baltimore, MD 21224",39.286455,-76.566681
Baltimore City,Violetteville Elementary/Middle School (No. 226),"1207 Pine Heights Avenue, Baltimore, MD 21229",39.267787,-76.674048
Baltimore City,Western High School (No. 407),"4600 Falls Road, Baltimore, MD 21209",39.347056,-76.642586
Baltimore City,Westside Skill Center,"4501 Edmondson Avenue, Baltimore, MD 21229",39.293143,-76.691051
Baltimore Count,Arbutus Recreation Center,"865 Sulphur Spring Road, Halethorpe, MD 21227",39.24295,-76.71053
Baltimore Count,Baltimore County Board of Elections,"5 Crossing Way, Owing Mills, MD 21117",39.419651,-76.812851
Baltimore Count,Baltimore County Board of Elections Office (former),"11112 Gilroy Road, Hunt Valley, MD 21031",39.487152,-76.665057
Baltimore Count,Catonsville High School,"421 Bloomsbury Avenue, Baltimore, MD 21228",39.259472,-76.731075
Baltimore Count,Catonsville Middle School,"2301 Edmondson Avenue, Baltimore, MD 21228",39.275947,-76.771401
Baltimore Count,County Campus Metro Centre at Owings Mills,"10302 Grand Central Avenue, Owings Mills, MD 21117",39.407103,-76.781882
Baltimore Count,Deep Creek Middle School,"1000 S. Marlyn Avenue, Baltimore, MD 21221",39.293365,-76.454672
Baltimore Count,Dulaney High School,"255 East Padonia Road, Lutherville-Timonium, MD 21093",39.460977,-76.61212
Baltimore Count,Eastern Technical High School,"1100 Mace Avenue, Essex, MD 21221",39.325156,-76.472655
Baltimore Count,Fifth District Elementary School,"3725 Mt. Carmel Road, Upperco, MD 21155",39.600861,-76.777302
Baltimore Count,Franklin High School,"12000 Reisterstown Road, Reisterstown, MD 21136",39.448235,-76.817338
Baltimore Count,Hereford High School,"17301 York Road, Parkton, MD 21120",39.599292,-76.659609
Baltimore Count,Honeygo Run Community Center,"9033 Honeygo Boulevard, Perry Hall, MD 21128",39.396134,-76.451028
Baltimore Count,Jacksonville Recreation Center at Sweet Air Park,"3605 B Sweet Air Road, Phoenix, Maryland 21131",39.513339,-76.555231
Baltimore Count,Kingsville Elementary School,"7300 Sunshine Avenue, Kingsville, MD 21087",39.456414,-76.418827
Baltimore Count,Loch Raven High School,"1212 Cowpens Avenue, Baltimore, MD 21286",39.404878,-76.5638
Baltimore Count,Milford Mill Academy,"3800 Washington Avenue, Baltimore, MD 21244",39.356352,-76.750019
Baltimore Count,Millbrook Elementary School,"4300 Crest Heights Road, Baltimore, MD 21215",39.359382,-76.712453
Baltimore Count,New Town High School,"4931 New Town Boulevard, Owings Mills, MD 21117",39.403328,-76.812349
Baltimore Count,Northwest Academy of Health Sciences,"4627 Old Court Rd, Baltimore, MD 21208",39.365238,-76.756853
Baltimore Count,Oregon Ridge Lodge,"13401 Beaver Dam Road, Cockeysville, MD 21030",39.491442,-76.683106
Baltimore Count,Overlea High School,"5401 Kenwood Avenue, Baltimore, MD 21206",39.348039,-76.511657
Baltimore Count,Padonia International Elementary School,"9834 Greenside Drive, Cockeysville, MD 21030",39.461588,-76.631554
Baltimore Count,Parkville High School,"2600 Putty Hill Avenue, Baltimore, MD 21234",39.388859,-76.539576
Baltimore Count,Perry Hall High School,"4601 Ebenezer Road, Nottingham, MD 21236",39.392703,-76.464512
Baltimore Count,Pikesville High School,"7621 Labyrinth Road, Pikesville, MD 21208",39.377443,-76.698631
Baltimore Count,Randallstown Community Center,"3505 Resource Drive, Randallstown, MD 21133",39.362205,-76.788488
Baltimore Count,Randallstown High School,"4000 Offutt Road, Randallstown, MD 21133",39.382754,-76.79699
Baltimore Count,Reisterstown Senior Center at Hannah More Campus,"12035 Reisterstown Road, Reisterstown, MD 21136",39.451221,-76.817951
Baltimore Count,Sollers Point Multi-Purpose Center,"323 Sollers Point Road, Dundalk, Maryland 21222",39.24363,-76.50882
Baltimore Count,Towson High School,"69 Cedar Avenue, Towson, MD 21286",39.390673,-76.600568
Baltimore Count,Towson University South Campus Pavilion,"1 Auburn Drive, Towson, MD 21204",39.407156,-76.60379
Baltimore Count,University of Maryland Baltimore Campus - The Commons,"1000 Hilltop Circle, Baltimore, MD 21250",39.257616,-76.710935
Baltimore Count,Victory Villa Community Center,"404 Compass Road East, Middle River, MD 21220",39.33723,-76.456496
Baltimore Count,Woodlawn Community Center,"2120 Gwynn Oak Avenue, Woodlawn, Maryland 21207",39.322862,-76.726
Baltimore Count,Woodlawn High School,"1801 Woodlawn Drive, Woodlawn, MD 21207",39.315715,-76.735121
Calvert,Calvert County Board of Elections,"30 Duke Street, Prince Frederick, MD 20678",38.536727,-76.584851
Calvert,Fairview Library,"8120 Southern Maryland Boulevard, Owings 20736",38.691446,-76.640409
Calvert,Northeast Community Center,"4075 Gordon Stinnett Avenue, Chesapeake Beach, MD 20732",38.691345,-76.535675
Calvert,Southern Community Center,"20 Appeal Lane, Lusby, MD 20657",38.380746,-76.43698
Caroline,Caroline County Health & Public Services Building,"403 S. 7th Street, Denton, MD 21629",38.880082,-75.827001
Caroline,Federalsburg Municipal Parking Lot,"Morris Avenue, Federalsburg, MD 21632",38.694973,-75.774325
Caroline,Goldsboro Volunteer Fire Department Parking Lot,"700 Old Line Road, Goldsboro, MD 21636",39.039627,-75.78861
Carroll,Carroll County Board of Elections Office,"300 S. Center Street, Westminster MD 21157",39.56681,-76.996608
Carroll,Coppermine Pantherplex,"1400 Panther Drive, Hampstead, MD 21074",39.609988,-76.861121
Carroll,Mt. Airy Senior Center,"703 Ridge Avenue, Mount Airy, MD 21771",39.369307,-77.154521
Carroll,South Carroll Senior Center,"5928 Mineral Hill Road, Sykesville, MD 21784",39.409698,-76.905412
Carroll,Taneytown Senior Center,"220 Roberts Mill Road, Taneytown, MD 21787",39.657892,-77.171023
Carroll,Westminster Senior Center,"125 Stoner Avenue, Westminster, MD 21157",39.562033,-76.99072
Cecil,Bohemia Manor High School,"2755 Augustine Herman Hwy, Chesapeake City, MD 21915",39.510895,-75.830994
Cecil,Cecil County Administration Building,"200 Chesapeake Boulevard, Elkton MD 2192",39.597972,-75.785569
Cecil,North East Middle School,"200 E. Cecil Avenue, North East, MD 21901",39.600553,-75.939308
Cecil,Perryville Middle School,"850 Aiken Avenue, Perryville,  MD 21903",39.569078,-76.069403
Cecil,Rising Sun Middle School,"289 Pearl Street, Rising Sun, MD 21911",39.701292,-76.066142
Charles,Charles County Board of Elections,"201 East Charles Street, La Plata, MD 20646",38.529289,-76.979551
Charles,Henry E. Lackey High School,"3000 Chicamuxen Road, Indian Head, MD 20640",38.579408,-77.127621
Charles,St. Joseph's Parish Center,"4605 St. Joseph's Way, Pomfret, MD 20675",38.585574,-77.024791
Charles,Thomas Stone High School,"3785 Leonardtown Road, Waldorf, MD 20601",38.614563,-76.886345
Charles,Waldorf Jaycees,"3090 Leonardtown Road, Waldorf, MD 20601",38.624917,-76.908545
Charles,Westlake High School,"3300 Middletown Road, Waldorf, MD 20603",38.622045,-76.96704
Dorchester,Dorchester County Board of Elections,"1000 Goodwill Avenue, Cambridge, MD 21613",38.559695,-76.072878
Dorchester,Town of Hurlock Veterans Memorial Park,"204 South Main Street, Hurlock, MD 21643",38.632776,-75.863184
Frederick,Brunswick Middle School,"301 Cummings Drive, Brunswick, MD 21716",39.314758,-77.603952
Frederick,Crestwood Middle School,"7100 Foxcroft Drive, Frederick, MD 21703",39.39352,-77.422685
Frederick,Frederick County Board of Elections Office,"8490 Progress Drive, Federick, MD 21701",39.440146,-77.371978
Frederick,Frederick Prospect Center,"585 Himes Avenue, Frederick, MD 21703",39.410179,-77.437841
Frederick,Middletown VFD Activities Building,"1 Fireman's Lane, Middletown, Md 21769",39.438851,-77.541831
Frederick,Oakdale High School,"5850 Eaglehead Drive, Ijamsville, MD 21754",39.394757,-77.310361
Frederick,Thurmont Regional Library,"76 E. Moser Road, Thurmont, MD 21788",39.61294,-77.412145
Frederick,Urbana Regional Library,"9020 Amelung Street, Frederick, MD 21704",39.331418,-77.354079
Frederick,Waverley Elementary School,"201 Waverley Drive, Frederick, MD 21702",39.427637,-77.461096
Frederick,William R. Talley Recreation Center,"121 N. Bentz Street, Frederick, MD 21701",39.416666,-77.414613
Garrett,Grantsville Volunteer Fire Department,"178 Springs Road, Grantsville MD 21536",39.701636,-79.160709
Garrett,Oakland Community Center,"14 N. 8th Street, Oakland, MD 21550",39.408064,-79.39967
Harford,Aberdeen Senior Center,"7 Franklin Street, Aberdeen, MD 21001",39.512106,-76.163212
Harford,Edgewood Recreation Center,"1980 Brookside Drive, Edgewood, MD 21040",39.433645,-76.310075
Harford,Harford County Board of Elections,"133 Industry Lane, Forest Hill, MD 21050",39.576573,-76.371356
Harford,Jarrettsville Volunteer Fire Company,"3825 Federal Hill Road, Jarrettsville, MD 21084",39.614184,-76.476327
Harford,McFaul Activity Center,"525 W. MacPhail Road, Bel Air, MD 21014",39.522645,-76.343884
Howard,Bain 50+ Center,"5470 Ruth Keeton Way, Columbia, MD 21044",39.223422,-76.888207
Howard,Elkridge 50+ Center,"6540 Washington Boulevard, Elkridge, MD 21075",39.201418,-76.736287
Howard,Gary J Arthur Community Center,"2400 Route 97, Cooksville, MD 21723",39.305287,-77.02292
Howard,George Howard Building,"3430 Courthouse Drive, Ellicott City, MD 21043",39.27562,-76.805979
Howard,Howard County Board of Elections,"9770 Patuxent Woods Drive, Suite 200, Columbia, MD 21046",39.177154,-76.8525
Howard,Howard County Scaggsville Police Department,"11226 Scaggsville Road, Laurel, MD 20723",39.146377,-76.901619
Howard,Meadowbrook Athletic Complex,"5001 Meadowbrook Lane, Ellicott City, MD 21043",39.248948,-76.822028
Howard,North Laurel Community Center,"9411 Whiskey Bottom Road, Laurel, MD 20723",39.116157,-76.836139
Howard,St. John Baptist Church,"9055 Tamar Drive, Columbia, MD 21045",39.209765,-76.823243
Howard,West Friendship Volunteer Fire Department,"12535 Old Frederick Road, Sykesville, MD 21784",39.319016,-76.948312
Kent,Galena Volunteer Fire Company,"90 E. Cross Street, Galena, MD 21635",39.342002,-75.872339
Kent,Kent County Public Library,"408 High Street, Chestertown, MD 21620",39.211062,-76.069049
Kent,Rock Hall Fire Department,"21500 Rock Hall Avenue, Rock Hall, MD 21661",39.140074,-76.22746
Montgomery,Activity Center at Bohrer Park,"506 So. Frederick Avenue, Gaithersburg, MD 20877",39.133254,-77.194809
Montgomery,Albert Einstein High School,"11135 Newport Mill Road, Kensington, MD 20895",39.039216,-77.067123
Montgomery,Asbury Methodist Village (Rosborough Center),"409 Russell Avenue, Gaithersburg, MD 20877",39.150066,-77.196544
Montgomery,Bauer Drive Community Recreation Center,"14625 Bauer Drive, Rockville, MD 20853",39.094291,-77.108461
Montgomery,Bethesda-Chevy Chase High School,"4301 East-West Highway, Bethesda, MD 20814",38.986641,-77.088889
Montgomery,Bette Carol Thompson Scotland Neighborhood Rec Center,"7700 Scotland Drive, Potomac, MD 20854",39.031327,-77.158725
Montgomery,Clarksburg High School,"22500 Wims Road, Clarksburg, MD 20871",39.225752,-77.266115
Montgomery,Col. Zadok Magruder High School,"5939 Muncaster Mill Road, Rockville, MD 20855",39.131386,-77.118305
Montgomery,Damascus Community Recreation Center,"25520 Oak Drive, Damascus, MD 20872",39.277246,-77.215232
Montgomery,Damascus High School,"25921 Ridge Road, Damascus, MD 20872",39.282152,-77.210339
Montgomery,East County Community Recreation Center,"3310 Gateshead Manor Way, Silver Spring, MD 20904",39.078634,-76.941661
Montgomery,Executive Office Building,"101 Monroe Street, Rockville, MD 20850",39.08304,-77.149407
Montgomery,Forest Knolls Elementary School,"10830 Eastwood Ave, Silver Spring, MD 20901 (replaces Northwod High School)",0,0
Montgomery,Friendship Heights Village Center,"4433 South Park Avenue, Chevy Chase, MD 20815",38.963833,-77.089017
Montgomery,Gaithersburg High School,"101 Education Boulevard, Gaithersburg, MD 20877",39.136073,-77.19489
Montgomery,Germantown Community Recreation Center,"18905 Kingsview Road, Germantown, MD 20874",39.165193,-77.285487
Montgomery,Gwendolyn E. Coffield Community Recreation Center,"2450 Lyttonsville Road, Silver Spring, MD 20910",38.998669,-77.050871
Montgomery,James Hubert Blake High School,"300 Norwood Road, Silver Spring, MD 20905",39.113365,-77.017582
Montgomery,Jane E. Lawton Community Recreation Center,"4301 Willow Lane, Chevy Chase, MD 20815",38.982529,-77.088212
Montgomery,John F. Kennedy High School,"1901 Randolph Road, Silver Spring, MD 20902",39.065721,-77.038979
Montgomery,Leisure World – Clubhouse I,"3700 Rossmoor Boulevard, Silver Spring, MD 20906",39.101493,-77.072542
Montgomery,Longwood Community Recreation Center,"19300 Georgia Avenue, Brookeville, MD 20833",39.174691,-77.061056
Montgomery,Margaret Schweinhaut Senior Center,"1000 Forest Glen Road, Silver Spring, MD 20901",39.017496,-77.026231
Montgomery,Marilyn J. Praisner Community Recreation Center,"14906 Old Columbia Pike, Burtonsville, MD 20866",39.101833,-76.94183
Montgomery,Mid-County Community Recreation Center,"2004 Queensguard Road, Silver Spring, MD 20906",39.086908,-77.043057
Montgomery,Montgomery Blair High School,"51 University Boulevard East, Silver Spring, MD 20901",39.018224,-77.011797
Montgomery,Montgomery College - Germantown: Bioscience Education C,"20200 Observation Drive, Germantown, MD 20876",39.185216,-77.24838
Montgomery,Montgomery College - Rockville: Student Services Center,"51 Mannakee St. Rockville, MD 20850",39.09701,-77.159592
Montgomery,Montgomery College - Takoma Park: Student Services Center,"7625 Fenton Street, Takoma Park, MD",38.985131,-77.022442
Montgomery,Montgomery County Board of Elections,"18753 N Frederick Avenue, Suite 210, Gaithersburg, MD 20879",39.164824,-77.225162
Montgomery,Montgomery County Conference Ctr/Bethesda North Marriott,"5967 Executive Boulevard, N. Bethesda 20852",39.047574,-77.118459
Montgomery,"Nancy H. Dacek, North Potomac Community Recreation Cent","13850 Travilah Road, Rockville, MD 20850",39.083788,-77.231892
Montgomery,Northwest High School,"13501 Richter Farm Road, Germantown, MD, 20874",39.15168,-77.279609
Montgomery,Paint Branch High School,"14121 Old Columbia Pike, Burtonsville, MD 20866",39.086497,-76.947594
Montgomery,Poolesville High School,"17501 West Willard Road, Poolesville, MD 20837",39.143393,-77.41853
Montgomery,Potomac Community Recreation Center,"11315 Falls Road, Potomac, MD 20854",39.041011,-77.19157
Montgomery,Quince Orchard High School,"15800 Quince Orchard Road, Gaithersburg, MD 20878",39.115828,-77.254306
Montgomery,Richard Montgomery High School,"250 Richard Montgomery Drive, Rockville, MD 20852",39.07933,-77.146774
Montgomery,Riderwood Village - Village Square Clubhouse,"3110 Gracefield Road, Silver Spring, MD 20904",39.050506,-76.948861
Montgomery,Robertson Park Youth Center,"801 Rabbitt Road, Gaithersburg, MD 20878",39.140386,-77.230374
Montgomery,Rockville City Hall,"111 Maryland Avenue, Rockville, MD 20850",39.081791,-77.151723
Montgomery,Rockville High School,"2100 Baltimore Road, Rockville, MD 20851",39.086808,-77.118549
Montgomery,Sandy Spring Volunteer Fire Department,"17921 Brooke Road, Sandy Spring, MD 20860",39.150646,-77.027158
Montgomery,Seneca Valley High School,"19401 Crystal Rock Drive, Germantown, MD 20874",39.173984,-77.264057
Montgomery,Sherwood High School,"300 Olney-Sandy Spring Road, Sandy Spring, MD 20860",39.147071,-77.0192
Montgomery,Silver Spring Civic Building,"1 Veterans Place, Silver Spring, MD 20910",38.997442,-77.024507
Montgomery,Springbrook High School,"201 Valley Brook Drive, Silver Spring, MD 20904",39.057999,-77.005814
Montgomery,Takoma Park Community Center,"7500 Maple Avenue, Takoma Park, MD 20912",38.981663,-77.010357
Montgomery,Thomas S. Wootton High School,"2100 Wootton Parkway, Rockville, MD 20850",39.076974,-77.183077
Montgomery,Upper County Community Recreation Center,"8201 Emory Grove Road, Gaithersburg, MD 20877",39.149964,-77.167159
Montgomery,Walt Whitman High School,"7100 Whittier Boulevard, Bethesda, MD 20817",38.981708,-77.12768
Montgomery,Walter Johnson High School,"6400 Rock Spring Drive, Bethesda, MD 20814",39.025724,-77.130426
Montgomery,Watkins Mill High School,"10301 Apple Ridge Road, Gaithersburg, MD 20879",39.1837,-77.216138
Montgomery,Wheaton High School,"12401 Dalewood Drive, Silver Spring, MD 20906",39.059896,-77.067297
Montgomery,Wheaton Library & Community Recreation Center,"11701 Georgia Avenue, Wheaton, MD 20902",39.047694,-77.051371
Montgomery,White Oak Community Recreation Center,"1700 April Lane, Silver Spring, MD 20904",39.045988,-76.975182
Montgomery,Wilson Wims Elementary School,"12520 Blue Sky Drive, Clarksburg, MD 20871",39.237063,-77.261309
Montgomery,Winston Churchill High School,"11300 Gainsborough Road, Potomac, MD 20854",39.044017,-77.173037
Prince George's,Baden Community Center,"13601 Baden-Westwood Road, Brandywine, MD  20613",38.660735,-76.770359
Prince George's,Beltsville Community Center,"3900 Sellman Road, Beltsville, MD 20705",39.038232,-76.932274
Prince George's,Berwyn Heights Community Center,"6200 Pontiac Street, Berwyn Heights, MD 20740",38.991826,-76.909653
Prince George's,Bladensburg Community Center,"4500 57th Ave, Bladensburg, MD 20710",38.945548,-76.917438
Prince George's,Bowie Community Center,"3209 Stonybrook Drive, Bowie, MD 20715",38.977403,-76.736566
Prince George's,Bowie Gymnasium,"4100 Northview Dr, Bowie, MD 20716",38.944905,-76.740783
Prince George's,Bowie State University - Goodloe House,"9300 Laurel Bowie Road, Bowie, MD 20715",39.017819,-76.767238
Prince George's,Cedar Heights Community Center,"1200 Glen Willow Drive, Capitol Heights, MD 20743",38.90558,-76.903573
Prince George's,College Park Community Center,"5051 Pierce Avenue, College Park, MD 20740",38.987236,-76.927342
Prince George's,Deerfield Run Community Center,"13000 Laurel Bowie Road, Laurel, MD 20708",39.071166,-76.846483
Prince George's,Glassmanor Community Center,"1101 Marcy Avenue, Oxon Hill, MD 20745",38.816321,-76.989334
Prince George's,Glenarden/Theresa Banks Complex,"8615 Mclain Avenue, Glenarden, MD 20706",38.930459,-76.866418
Prince George's,Glenn Dale Community Center,"11901 Glenn Dale Blvd, Glenn Dale, MD 20769",38.974139,-76.801179
Prince George's,Good Luck Community Center,"8601 Good Luck Road, Lanham, MD  20706",38.976999,-76.859958
Prince George's,Harmony Hall Regional Center,"10701 Livingston Road, Fort Washington, MD 20744",38.743869,-77.000441
Prince George's,Hillcrest Heights Community Center,"2300 Oxon Run Drive, Temple Hills, MD 20748",38.845072,-76.96529
Prince George's,John E. Howard Community Center,"4400 Shell Street, Capitol Heights, MD 20743",38.868756,-76.930557
Prince George's,Kentland Community Center,"2413 Pinebrook Road, Landover, MD 20785",38.924263,-76.895663
Prince George's,Lake Arbor Community Center,"10100 Lake Arbor Way, Mitchellville, MD 20721",38.906639,-76.830239
Prince George's,Largo/Kettering/Perrywood Community Center,"431 Watkins Park Drive, Upper Marlboro, MD 20774",38.884079,-76.7844
Prince George's,Laurel-Beltsville Senior Activity Center,"7120 Contee Road, Laurel, MD 20707",39.087556,-76.883622
Prince George's,Life Covenant Christian Ministries,"15522 Livingston Road, Accokeek, MD 20607",38.671321,-76.992413
Prince George's,New Carrollton Library,"7414 Riverdale Road, New Carrollton, MD 20784",38.962377,-76.882638
Prince George's,North Brentwood Community Center,"4012 Webster Street, Brentwood, MD 20722",38.943908,-76.951945
Prince George's,North Forestville Community Center,"2311 Ritchie Road, Forestville, MD 20747",38.857098,-76.873599
Prince George's,Peppermill Community Center,"610 Hill Road, Landover, MD 20785",38.898502,-76.884315
Prince George's,Prince George's Board of Elections Office,"1100 Mercantile Lane, Suite 115A, Largo, MD 20774",38.905995,-76.839225
Prince George's,Prince George's Community Center,"6600 Adelphi Road, Hyattsville, MD 20782",38.970453,-76.949693
Prince George's,Riderwood Wellness Center,"3138 Gracefield Road, Silver Spring, MD 20904",39.04921,-76.947655
Prince George's,Rollingcrest-Chillum Community Center,"6120 Sargent Road, Chillum, MD 20782",38.964894,-76.984726
Prince George's,South Bowie Community Center,"1717 Pittsfield Lane, Bowie, MD 20716",38.914073,-76.719765
Prince George's,Southern Area Aquatic and Recreation Complex,"13601 Missouri Avenue, Brandywine, MD 20613",38.702764,-76.855048
Prince George's,Southern Regional Technology and Recreation Complex,"7007 Bock Road, Fort Washington, MD 20744",38.791806,-76.974203
Prince George's,Suitland Community Park School Center,"5600 Regency Lane, Forestville, MD 20747",38.844645,-76.907678
Prince George's,Temple Hills Community Center,"5300 Temple Hills Road, Temple Hills, MD 20748",38.814143,-76.937476
Prince George's,Upper Marlboro Community Center,"5400 Marlboro Race Track Road, Upper Marlboro, MD 20772",38.814425,-76.744059
Prince George's,Wayne K. Curry Sports and Learning Center,"8001 Sheriff Road, Hyattsville, MD 20785",38.911638,-76.867465
Prince George's,Westphalia Community Center,"8900 Westphalia Road, Upper Marlboro, MD 20774",38.844402,-76.853539
Queen Anne's,GO MART,"741 Main Street, Church Hill, MD 21623",39.15252,-75.980156
Queen Anne's,Kent Island Fire Department,"1610 Main Street, Chester, MD 21619",38.977585,-76.288095
Queen Anne's,"Queen Anne’s Office Building, Conference Room","110 Vincit Street, Centreville, MD 21617",39.037886,-76.057751
Somerset,"Somerset Board of Elections, Somerset County Office Comple","11916 Somerset Avenue, Princess Anne, MD 21853",38.208598,-75.69551
Somerset,Somerset County Technical High School,"7994 Tawes Campus Road, Westover, MD 21871",38.100864,-75.717459
Somerset,Woodson Elementary School,"281 Woodson School Road, Crisfield, MD 21817",37.974478,-75.849071
St. Mary's,Bay District Firehouse,"46900 S. Shangri-La Drive, Lexington Park, MD 20653",38.262247,-76.455504
St. Mary's,Great Mills High School,"21130 Great Mills Road, Great Mills, MD 20634",38.247439,-76.487577
St. Mary's,Hollywood Firehouse,"24801 Three Notch Road, Hollywood, MD 20636",38.348819,-76.576363
St. Mary's,Mechanicsville Firehouse,"28165 Hills Club Road, Mechanicsville, MD 20659",38.442245,-76.741411
St. Mary's,Spring Ridge Middle School,"19856 Three Notch Road, Lexington Park, MD 20653",38.212127,-76.401331
St. Mary's,St. Mary's County Board of Elections,"23250 Hollywood Road, Leonardtown, MD 20650",38.306795,-76.63122
St. Mary's,Valley Lee Fire House,"45245 Drayden Road, Valley Lee, MD 20692",38.190731,-76.511283
Talbot,"Easton Fire House, Bingo Hall","315 Aurora Park Drive, Easton, MD 21601",38.78041,-76.073189
Talbot,Talbot County Election Office Government Building,"215 Bay Street, Easton, MD 20601",38.778855,-76.080548
Washington,Boonsboro Town Hall,"21 N. Main Street, Boonsboro, MD 21713",39.507098,-77.651893
Washington,Clear Spring Town Hall,"146 Cumberland Street, Clear Spring, MD 21722",39.656584,-77.929895
Washington,Hancock Town Hall,"126 W. High Street, Hancock, MD 21750",39.700891,-78.182089
Washington,Keedysville Town Hall,"19 S. Main Street, Keedysville, MD 21756",39.486845,-77.700975
Washington,Smithsburg Town Hall,"21 W. Water Street, Smithsburg, MD 21783",39.653396,-77.574986
Washington,Washington County Election Center,"17718 Virginia Avenue, Hagerstown, MD 21740",39.623307,-77.755098
Washington,Washington County Free Library,"100 S. Potomac Street, Hagerstown, MD 21740",39.640101,-77.721188
Washington,Williamsport Town Hall,"2 N. Conococheague Street, Williamsport, MD 21795",39.599345,-77.821577
Wicomico,First Baptist Church,"528 Booth Street, Salisbury, MD 21801",38.37721,-75.604925
Wicomico,Wicomico Board of Elections,"345 Snow Hill Road, Salisbury, MD 21804",38.361193,-75.589955
Wicomico,Wicomico County Youth and Civic Center,"500 Glen Avenue, Salisbury, MD 21804",38.361055,-75.575576
Worcester,Pocomoke Community Center,"1410 Market Street, Pocomoke City, MD 21851",38.064294,-75.554017
Worcester,Roland E. Powell Convention Center,"4001 Coastal Highway, Ocean City, MD 21842",38.36806,-75.074153
Worcester,Worcester County Board of Elections,"201 Belt Street, Suite C, Snow Hill, MD 21863",38.173992,-75.387757